avatar,bio,blogIds,designation,email,eventIds,featured,featuredQuote,fullBio,id,isTestimonial,name,quote,stats_blogsPublished,stats_eventsHosted,stats_testimonialsGiven
/media/images/profiles/ariana-flores-creator.jpg,Ariana leads brand storytelling teams and mentors emerging designers.,"[""blog-001"",""blog-009""]",Senior Creative Director,ariana.flores@adobe.com,"[""event-001"",""event-005"",""event-009""]",true,"Great design is not just what we make, it is how we help others create with clarity and confidence.","Ariana Flores is a Senior Creative Director known for leading high-velocity campaigns that bridge storytelling, design systems, and production excellence.

Over the past decade, she has guided global teams across brand launches, social-first initiatives, and cross-channel creative programs. Her approach blends clear creative strategy with practical workflows that reduce friction across design and marketing.

Ariana is also an active mentor who helps emerging creatives build durable skills in concept development, visual hierarchy, and client communication. She regularly hosts portfolio clinics and collaborative workshops for community creators.

Today, she focuses on helping organizations adopt AI-assisted creation responsibly, ensuring human originality remains central while teams scale output with confidence.",creator-001,,Ariana Flores,,2,3,0
/media/images/profiles/malik-thompson-creator.jpg,Malik builds fast creative web experiences with accessible interfaces.,"[""blog-002"",""blog-010""]",Frontend Developer,malik.thompson@adobe.com,"[""event-002"",""event-010"",""event-032""]",true,"When interfaces feel effortless, teams can spend their energy on ideas instead of obstacles.","Malik Thompson is a Frontend Developer focused on the intersection of design systems, performance, and interactive storytelling.

He partners with designers and researchers to translate abstract product vision into scalable interface patterns used across large ecosystems. His work emphasizes accessibility, maintainability, and measurable user outcomes.

Beyond shipping features, Malik contributes to developer education through workshops on component architecture, motion guidelines, and responsive implementation strategies. He is especially passionate about reducing handoff friction between design and engineering.

His recent projects explore how AI copilots can support creative teams in prototyping and iteration without sacrificing usability, brand consistency, or code quality.",creator-002,,Malik Thompson,,2,3,0
/media/images/profiles/priya-raman-creator.jpg,Priya studies creative workflows to guide evidence-based product decisions.,"[""blog-003""]",UX Researcher,priya.raman@adobe.com,"[""event-003"",""event-018""]",true,Research is most powerful when it turns uncertainty into shared creative direction.,"Priya Raman is a UX Researcher who investigates how creators move from exploration to delivery in fast-paced environments.

She designs mixed-method studies that reveal where tools accelerate momentum and where friction blocks creative flow. Her insights have informed roadmap choices across imaging, video, and collaborative review experiences.

Priya is known for translating research into practical frameworks that product, design, and engineering teams can act on quickly. She advocates for inclusive research practices that capture diverse creative perspectives across regions and disciplines.

Outside core product work, she mentors junior researchers and runs cross-functional learning sessions focused on ethics, qualitative synthesis, and evidence-based storytelling.",creator-003,,Priya Raman,,1,2,0
/media/images/profiles/noah-bennett-creator.jpg,Noah aligns brand strategy and campaign planning across distributed teams.,"[""blog-004""]",Brand Strategist,noah.bennett@adobe.com,"[""event-004"",""event-026""]",true,A strong brand is a shared promise made visible in every creative choice.,"Noah Bennett is a Brand Strategist who helps organizations connect long-term narrative vision with day-to-day campaign execution.

He has led messaging and identity programs across consumer, enterprise, and community initiatives, ensuring teams stay aligned as channels and formats evolve. His process combines strategic rigor with practical playbooks that simplify collaboration.

Noah frequently facilitates workshops with designers, marketers, and product leaders to define positioning, voice, and visual direction. He is known for turning complex stakeholder input into coherent, actionable brand systems.

In recent years, he has focused on integrating AI-enabled production into brand governance models so teams can scale content while protecting trust, tone, and quality.",creator-004,,Noah Bennett,,1,2,0
/media/images/profiles/elena-park-creator.jpg,Elena creates editorial and commercial imagery with strong visual storytelling.,"[""blog-005""]",Photographer,elena.park@adobe.com,"[""event-007"",""event-027""]",false,"A single image can hold a story, but a thoughtful system helps that story travel everywhere.","Elena Park is a Photographer whose work spans editorial campaigns, product narratives, and documentary-inspired visual series.

Her style combines precise composition with natural moments, producing image libraries that are both expressive and practical for multichannel publishing. She has collaborated with in-house and agency teams to build reusable content systems at scale.

Elena also consults on content operations, helping organizations improve asset discovery, curation, and licensing practices. She believes strong visual ecosystems are built through both artistry and smart process design.

She regularly teaches short courses on visual direction, post-production workflows, and portfolio development for emerging creative professionals.",creator-005,,Elena Park,,1,2,0
/media/images/profiles/luca-moretti-creator.jpg,Luca designs 3D visuals and builds reliable pipelines from concept to render.,"[""blog-006""]",3D Artist,luca.moretti@adobe.com,"[""event-011"",""event-028""]",false,"Great 3D work is equal parts craft, structure, and relentless iteration.","Luca Moretti is a 3D Artist specializing in look development, material authoring, and production-ready texturing pipelines.

He has worked with game, retail, and industrial design teams to create high-fidelity assets that perform across real-time and offline rendering workflows. His strengths include balancing visual realism with technical constraints.

Luca is a frequent speaker on procedural techniques, material libraries, and cross-tool interoperability. He helps teams reduce repetitive tasks so artists can spend more time crafting distinct visual language.

His current practice explores how AI-assisted generation can accelerate iteration in early concept phases while preserving the precision required for final production.",creator-006,,Luca Moretti,,1,2,0
/media/images/profiles/sofia-diaz-creator.jpg,Sofia creates motion systems that make complex ideas clear and memorable.,"[""blog-007""]",Motion Designer,sofia.diaz@adobe.com,"[""event-031""]",false,Movement gives ideas momentum; intention gives that momentum meaning.,"Sofia Diaz is a Motion Designer known for crafting dynamic visual narratives across social campaigns, product explainers, and experiential launches.

She combines animation principles with systems thinking, creating repeatable motion guidelines that maintain consistency across teams and markets. Her work emphasizes clarity, rhythm, and emotional impact.

Sofia collaborates closely with strategists and editors to shape story arcs that connect brand goals with audience attention patterns. She also helps teams evolve template-based production without losing creative distinctiveness.

She is particularly interested in how trend forecasting and AI-assisted ideation can inform faster, more intentional motion design decisions.",creator-007,,Sofia Diaz,,1,1,0
/media/images/profiles/ethan-cole-creator.jpg,Ethan creates educational content and helps creators build publishing habits.,"[""blog-008""]",Content Creator,ethan.cole@adobe.com,"[""event-030""]",false,Consistency turns creative sparks into a body of work that compounds over time.,"Ethan Cole is a Content Creator who builds educational media at the crossroads of design culture, technology, and creative career growth.

He has developed long-form and short-form series covering typography, interface critique, and practical experimentation with emerging tools. His content is known for being approachable while maintaining depth for experienced practitioners.

Ethan frequently collaborates with creator communities to design learning challenges and portfolio feedback sessions that foster peer support and measurable progress. He advocates for transparent process-sharing as a way to accelerate collective learning.

His current focus is helping independent creators build resilient systems for ideation, production, and distribution across evolving platform ecosystems.",creator-008,,Ethan Cole,,1,1,0
/media/images/profiles/maya-chen-testimonial.jpg,Maya designs product experiences that keep creative workflows simple and connected.,"[""blog-011""]",Product Designer,maya.chen@adobe.com,"[""event-006""]",false,Good design removes the effort so creativity can take center stage.,"Maya Chen is a Product Designer focused on simplifying complex creative workflows into intuitive, user-friendly experiences.

She has worked on design systems and collaborative platforms that help teams move seamlessly between ideation, execution, and delivery. Her work emphasizes clarity, usability, and reducing friction in multi-step processes.

Maya is particularly interested in how interconnected platforms can improve discovery and decision-making for creators. She actively explores ways to design experiences that feel cohesive rather than fragmented.

Outside of product work, she contributes to design communities through feedback sessions and usability discussions, helping others refine their approach to problem-solving.",creator-009,true,Maya Chen,This platform makes it so much easier to track Adobe events and actually plan which ones to attend. I also love jumping from an event to related creator profiles without losing context. It feels thoughtfully built for creative workflows.,1,1,1
/media/images/profiles/arjun-patel-testimonial.jpg,Arjun builds fast interfaces that help creators stay current with less effort.,"[""blog-012""]",Frontend Developer,arjun.patel@adobe.com,"[""event-012""]",false,The best interfaces are the ones you don’t have to think about.,"Arjun Patel is a Frontend Developer who specializes in building high-performance, user-focused web interfaces.

He works closely with design teams to translate visual ideas into responsive, efficient applications that prioritize speed and usability. His development approach focuses on clean architecture and maintainable code.

Arjun is passionate about creating platforms that reduce information overload and help users access what they need quickly. He often experiments with performance optimization and lightweight UI patterns.

He also shares insights with developer communities, focusing on simplifying complex frontend concepts for practical implementation.",creator-010,true,Arjun Patel,"I use Adobe tools every day, and this hub helps me stay current without checking multiple sources. The event and blog sections are organized in a way that saves time. It is simple, fast, and genuinely useful.",1,1,1
/media/images/profiles/sofia-martinez-testimonial.jpg,Sofia leads campaign strategy using curated insights to spot trends quickly.,"[""blog-013"",""blog-014""]",Digital Marketing Manager,sofia.martinez@adobe.com,"[""event-013""]",false,Insightful content is the foundation of every strong campaign.,"Sofia Martinez is a Digital Marketing Manager with a strong focus on campaign strategy, content planning, and audience engagement.

She has led multi-channel campaigns that combine creative storytelling with data-driven insights. Her approach ensures that content not only reaches audiences but resonates with them.

Sofia relies on curated knowledge and trend analysis to stay ahead in fast-moving digital environments. She values platforms that bring together learning, inspiration, and execution resources in one place.

She frequently collaborates with creative teams to align marketing goals with authentic storytelling and measurable outcomes.",creator-011,true,Sofia Martinez,"The curated blogs are great for quick learning and trend spotting before campaign planning. I appreciate how the creator profiles add real perspective behind the content. It feels like a community, not just a directory.",2,1,1
/media/images/profiles/noah-williams-testimonial.jpg,Noah captures commercial stories and sharpens practical editing workflows.,"[""blog-015""]",Commercial Photographer,noah.williams@adobe.com,"[""event-014""]",false,Every shoot is an opportunity to refine both vision and process.,"Noah Williams is a Commercial Photographer known for creating visually compelling content for brands and campaigns.

His work blends technical precision with storytelling, producing images that perform across digital and print platforms. He frequently collaborates with creative teams to deliver consistent visual narratives.

Noah is particularly focused on refining editing workflows and staying updated with evolving tools and techniques. He actively participates in workshops and learning sessions to sharpen his craft.

He believes continuous learning and exposure to new ideas are essential for staying relevant in the creative industry.",creator-012,true,Noah Williams,"I found workshops here that I would have missed otherwise, and they directly improved my editing workflow. The site has a clean structure and is easy to browse on mobile. It has become part of my weekly routine.",1,1,1
/media/images/profiles/leila-hassan-testimonial.jpg,Leila creates motion systems and finds practical inspiration across creators and events.,"[""blog-016""]",Motion Graphics Artist,leila.hassan@adobe.com,"[""event-015""]",false,"Inspiration is everywhere, but structure is what turns it into impact.","Leila Hassan is a Motion Graphics Artist who designs engaging visual narratives through animation and motion systems.

Her work spans brand campaigns, explainer videos, and digital experiences where movement plays a key role in communication. She focuses on clarity, timing, and storytelling through motion.

Leila actively explores new creative trends and tools, using them to enhance both efficiency and creative expression. She values platforms that connect inspiration with practical application.

She is also involved in creative communities where she shares ideas, learns from peers, and continuously evolves her craft.",creator-013,true,Leila Hassan,"What stands out is how everything is connected: creators, ideas, and events in one place. The recommendations feel relevant and practical for people actively building creative careers. I keep coming back for new inspiration.",1,1,1